{
    "total_cost": [
        0,
        0,
        0,
        0,
        0,
        0,
        0,
        0,
        0,
        0,
        0,
        0,
        0,
        0,
        0,
        0,
        0,
        0,
        0,
        0,
        0,
        0,
        0,
        0,
        0,
        0
    ],
    "completion_tokens": [
        0,
        9,
        27,
        13,
        11,
        0,
        9,
        10,
        10,
        0,
        9,
        0,
        9,
        31,
        12,
        10,
        0,
        9,
        31,
        12,
        10,
        0,
        38,
        11,
        10,
        0
    ],
    "prompt_tokens": [
        0,
        1322,
        1358,
        1590,
        1644,
        0,
        1194,
        1250,
        1296,
        0,
        1352,
        0,
        1343,
        1410,
        1532,
        1570,
        0,
        1343,
        1410,
        1532,
        1570,
        0,
        1170,
        1401,
        1453,
        0
    ],
    "latency": [
        0.46901988983154297,
        1.1940789222717285,
        1.2210052013397217,
        1.2458150386810303,
        3.1700148582458496,
        0.015249013900756836,
        0.8486201763153076,
        0.8564419746398926,
        0.39156103134155273,
        0.01725625991821289,
        0.9322288036346436,
        0.012520074844360352,
        0.38231801986694336,
        0.8169851303100586,
        0.7676827907562256,
        0.40006279945373535,
        0.015636920928955078,
        0.38510608673095703,
        0.7903201580047607,
        0.42305493354797363,
        0.9883110523223877,
        1.7332680225372314,
        3.4484951496124268,
        0.8169281482696533,
        0.42038607597351074,
        1.4242091178894043
    ]
}